Instance_ID,Distribution,n,W_d,v,Status,Mksp_Truck,Mksp_MaxDrone,Mksp_NFD_OS,Mksp_FFD_OS,Obj_Gurobi,LB_Gurobi,LB_Theo,LB_Best,MIP_Gap(%),Time(s),Gap_Truck(%),Gap_MaxDrone(%),Gap_NFD_OS(%),Gap_FFD_OS(%)
1,Left-skewed,100,0.15,1.5,9,1815.0,1815.0,1965.0,1815.0,1785.0,1620.0,1530,1620.0,9.24,600.05,12.04,12.04,21.3,12.04
2,Left-skewed,100,0.15,1.5,9,1875.0,1875.0,2040.0,1875.0,1995.0,1710.0,1530,1710.0,14.29,600.12,9.65,9.65,19.3,9.65
3,Left-skewed,100,0.15,1.5,9,1875.0,1875.0,2055.0,1875.0,1830.0,1710.0,1530,1710.0,6.56,600.11,9.65,9.65,20.18,9.65
4,Left-skewed,100,0.15,1.5,9,1860.0,1860.0,2055.0,1860.0,1890.0,1665.0,1530,1665.0,11.9,600.08,11.71,11.71,23.42,11.71
5,Left-skewed,100,0.15,1.5,9,1830.0,1830.0,2010.0,1830.0,1830.0,1665.0,1530,1665.0,9.02,600.08,9.91,9.91,20.72,9.91
6,Left-skewed,100,0.15,1.5,9,1905.0,1905.0,2085.0,1905.0,2025.0,1710.0,1530,1710.0,15.56,600.11,11.4,11.4,21.93,11.4
7,Left-skewed,100,0.15,1.5,9,1860.0,1860.0,2055.0,1860.0,1860.0,1665.0,1530,1665.0,10.48,600.22,11.71,11.71,23.42,11.71
8,Left-skewed,100,0.15,1.5,9,1950.0,1950.0,2085.0,1950.0,1920.0,1755.0,1530,1755.0,8.59,600.06,11.11,11.11,18.8,11.11
9,Left-skewed,100,0.15,1.5,9,1785.0,1785.0,1995.0,1785.0,1830.0,1620.0,1530,1620.0,11.48,600.07,10.19,10.19,23.15,10.19
10,Left-skewed,100,0.15,1.5,9,1875.0,1875.0,2055.0,1875.0,2010.0,1710.0,1530,1710.0,14.93,600.11,9.65,9.65,20.18,9.65
1,Left-skewed,100,0.25,1.5,9,1815.0,1815.0,1920.0,1815.0,1965.0,1575.0,1530,1575.0,19.85,600.05,15.24,15.24,21.9,15.24
2,Left-skewed,100,0.25,1.5,9,1875.0,1860.0,1965.0,1860.0,1995.0,1620.0,1530,1620.0,18.8,600.14,15.74,14.81,21.3,14.81
3,Left-skewed,100,0.25,1.5,9,1875.0,1875.0,1965.0,1875.0,1875.0,1724.44,1530,1724.44,8.03,600.12,8.73,8.73,13.95,8.73
4,Left-skewed,100,0.25,1.5,9,1860.0,1860.0,2010.0,1860.0,1815.0,1710.0,1530,1710.0,5.79,600.06,8.77,8.77,17.54,8.77
5,Left-skewed,100,0.25,1.5,9,1830.0,1830.0,1920.0,1830.0,2115.0,1620.0,1530,1620.0,23.4,600.13,12.96,12.96,18.52,12.96
6,Left-skewed,100,0.25,1.5,9,1905.0,1905.0,2040.0,1905.0,1860.0,1710.0,1530,1710.0,8.06,600.08,11.4,11.4,19.3,11.4
7,Left-skewed,100,0.25,1.5,9,1860.0,1830.0,1965.0,1830.0,2040.0,1620.0,1530,1620.0,20.59,600.06,14.81,12.96,21.3,12.96
8,Left-skewed,100,0.25,1.5,9,1950.0,1920.0,2055.0,1920.0,1920.0,1838.04,1530,1838.04,4.27,600.04,6.09,4.46,11.8,4.46
9,Left-skewed,100,0.25,1.5,9,1785.0,1785.0,1875.0,1785.0,1950.0,1586.4,1530,1586.4,18.65,600.1,12.52,12.52,18.19,12.52
10,Left-skewed,100,0.25,1.5,9,1875.0,1875.0,1995.0,1875.0,2055.0,1697.08,1530,1697.08,17.42,600.15,10.48,10.48,17.55,10.48
1,Left-skewed,100,0.35,1.5,9,1815.0,1530,1530.0,1530.0,1575.0,1260.0,1530,1530,20.0,600.09,18.63,0.0,0.0,0.0
2,Left-skewed,100,0.35,1.5,9,1875.0,1530,1530.0,1530.0,1545.0,1395.0,1530,1530,9.71,600.22,22.55,0.0,0.0,0.0
3,Left-skewed,100,0.35,1.5,9,1875.0,1545.0,1545.0,1545.0,1560.0,1530.0,1530,1530,1.92,600.12,22.55,0.98,0.98,0.98
4,Left-skewed,100,0.35,1.5,9,1860.0,1530,1530.0,1530.0,1575.0,1368.87,1530,1530,13.09,600.12,21.57,0.0,0.0,0.0
5,Left-skewed,100,0.35,1.5,9,1830.0,1530,1530.0,1530.0,1620.0,1485.0,1530,1530,8.33,600.11,19.61,0.0,0.0,0.0
6,Left-skewed,100,0.35,1.5,9,1905.0,1530,1530.0,1530.0,1575.0,1485.0,1530,1530,5.71,600.06,24.51,0.0,0.0,0.0
7,Left-skewed,100,0.35,1.5,9,1860.0,1530,1530.0,1530.0,1620.0,1485.0,1530,1530,8.33,600.05,21.57,0.0,0.0,0.0
8,Left-skewed,100,0.35,1.5,9,1950.0,1605.0,1605.0,1605.0,1620.0,1575.0,1530,1575.0,2.78,600.06,23.81,1.9,1.9,1.9
9,Left-skewed,100,0.35,1.5,9,1785.0,1530,1530.0,1530.0,1665.0,1440.0,1530,1530,13.51,600.11,16.67,0.0,0.0,0.0
10,Left-skewed,100,0.35,1.5,9,1875.0,1530,1530.0,1530.0,1545.0,1454.38,1530,1530,5.87,600.04,22.55,0.0,0.0,0.0
1,Left-skewed,100,0.15,2.0,9,2415.0,2415.0,2610.0,2415.0,2310.0,2160.0,1530,2160.0,6.49,600.03,11.81,11.81,20.83,11.81
2,Left-skewed,100,0.15,2.0,9,2490.0,2490.0,2715.0,2490.0,2475.0,2280.0,1530,2280.0,7.88,600.09,9.21,9.21,19.08,9.21
3,Left-skewed,100,0.15,2.0,9,2490.0,2490.0,2730.0,2490.0,2475.0,2280.0,1530,2280.0,7.88,600.14,9.21,9.21,19.74,9.21
4,Left-skewed,100,0.15,2.0,9,2475.0,2475.0,2730.0,2475.0,2475.0,2220.0,1530,2220.0,10.3,600.07,11.49,11.49,22.97,11.49
5,Left-skewed,100,0.15,2.0,9,2430.0,2430.0,2670.0,2430.0,2415.0,2220.0,1530,2220.0,8.07,600.12,9.46,9.46,20.27,9.46
6,Left-skewed,100,0.15,2.0,9,2535.0,2535.0,2775.0,2535.0,2475.0,2280.0,1530,2280.0,7.88,600.15,11.18,11.18,21.71,11.18
7,Left-skewed,100,0.15,2.0,9,2475.0,2475.0,2730.0,2475.0,2415.0,2220.0,1530,2220.0,8.07,600.09,11.49,11.49,22.97,11.49
8,Left-skewed,100,0.15,2.0,9,2595.0,2595.0,2775.0,2595.0,2595.0,2340.0,1530,2340.0,9.83,600.06,10.9,10.9,18.59,10.9
9,Left-skewed,100,0.15,2.0,9,2370.0,2370.0,2655.0,2370.0,2355.0,2160.0,1530,2160.0,8.28,600.07,9.72,9.72,22.92,9.72
10,Left-skewed,100,0.15,2.0,9,2490.0,2490.0,2730.0,2490.0,2490.0,2280.0,1530,2280.0,8.43,600.08,9.21,9.21,19.74,9.21
1,Left-skewed,100,0.25,2.0,9,2415.0,2415.0,2550.0,2415.0,2355.0,2100.0,1530,2100.0,10.83,600.05,15.0,15.0,21.43,15.0
2,Left-skewed,100,0.25,2.0,9,2490.0,2475.0,2610.0,2475.0,2415.0,2262.11,1530,2262.11,6.33,600.08,10.07,9.41,15.38,9.41
3,Left-skewed,100,0.25,2.0,9,2490.0,2490.0,2610.0,2490.0,2490.0,2333.59,1530,2333.59,6.28,600.06,6.7,6.7,11.84,6.7
4,Left-skewed,100,0.25,2.0,9,2475.0,2475.0,2670.0,2475.0,2430.0,2280.0,1530,2280.0,6.17,600.1,8.55,8.55,17.11,8.55
5,Left-skewed,100,0.25,2.0,9,2430.0,2430.0,2550.0,2430.0,2415.0,2160.0,1530,2160.0,10.56,600.1,12.5,12.5,18.06,12.5
6,Left-skewed,100,0.25,2.0,9,2535.0,2535.0,2715.0,2535.0,2490.0,2280.0,1530,2280.0,8.43,600.09,11.18,11.18,19.08,11.18
7,Left-skewed,100,0.25,2.0,9,2475.0,2430.0,2610.0,2430.0,2370.0,2160.0,1530,2160.0,8.86,600.06,14.58,12.5,20.83,12.5
8,Left-skewed,100,0.25,2.0,9,2595.0,2550.0,2730.0,2550.0,2550.0,2460.0,1530,2460.0,3.53,600.08,5.49,3.66,10.98,3.66
9,Left-skewed,100,0.25,2.0,9,2370.0,2370.0,2490.0,2370.0,2295.0,2040.0,1530,2040.0,11.11,600.09,16.18,16.18,22.06,16.18
10,Left-skewed,100,0.25,2.0,9,2490.0,2490.0,2655.0,2490.0,2760.0,2300.7,1530,2300.7,16.64,600.09,8.23,8.23,15.4,8.23
1,Left-skewed,100,0.35,2.0,9,2415.0,1755.0,1755.0,1755.0,1770.0,1740.0,1530,1740.0,1.69,600.05,38.79,0.86,0.86,0.86
2,Left-skewed,100,0.35,2.0,9,2490.0,1875.0,1875.0,1875.0,1875.0,1860.0,1530,1860.0,0.8,600.22,33.87,0.81,0.81,0.81
3,Left-skewed,100,0.35,2.0,9,2490.0,2055.0,2055.0,2055.0,2055.0,2040.0,1530,2040.0,0.73,600.08,22.06,0.74,0.74,0.74
4,Left-skewed,100,0.35,2.0,9,2475.0,1890.0,1890.0,1890.0,1890.0,1875.0,1530,1875.0,0.79,600.09,32.0,0.8,0.8,0.8
5,Left-skewed,100,0.35,2.0,9,2430.0,1995.0,1995.0,1995.0,1995.0,1980.0,1530,1980.0,0.75,600.21,22.73,0.76,0.76,0.76
6,Left-skewed,100,0.35,2.0,2,2535.0,1995.0,1995.0,1995.0,1995.0,1995.0,1530,1995.0,0.0,48.79,27.07,0.0,0.0,0.0
7,Left-skewed,100,0.35,2.0,2,2475.0,1995.0,1995.0,1995.0,1995.0,1995.0,1530,1995.0,0.0,90.15,24.06,0.0,0.0,0.0
8,Left-skewed,100,0.35,2.0,9,2595.0,2130.0,2130.0,2130.0,2130.0,2100.0,1530,2100.0,1.41,600.05,23.57,1.43,1.43,1.43
9,Left-skewed,100,0.35,2.0,2,2370.0,1935.0,1935.0,1935.0,1935.0,1934.61,1530,1934.61,0.02,115.12,22.51,0.02,0.02,0.02
10,Left-skewed,100,0.35,2.0,2,2490.0,1935.0,1935.0,1935.0,1935.0,1935.0,1530,1935.0,0.0,166.74,28.68,0.0,0.0,0.0
1,Left-skewed,100,0.15,3.0,9,3615.0,3615.0,3900.0,3615.0,3450.0,3240.0,1530,3240.0,6.09,600.04,11.57,11.57,20.37,11.57
2,Left-skewed,100,0.15,3.0,9,3720.0,3720.0,4065.0,3720.0,3630.0,3420.0,1530,3420.0,5.79,600.11,8.77,8.77,18.86,8.77
3,Left-skewed,100,0.15,3.0,9,3720.0,3720.0,4080.0,3720.0,3705.0,3420.0,1530,3420.0,7.69,600.21,8.77,8.77,19.3,8.77
4,Left-skewed,100,0.15,3.0,9,3705.0,3705.0,4080.0,3705.0,3630.0,3330.0,1530,3330.0,8.26,600.07,11.26,11.26,22.52,11.26
5,Left-skewed,100,0.15,3.0,9,3630.0,3630.0,3990.0,3630.0,3645.0,3330.0,1530,3330.0,8.64,600.06,9.01,9.01,19.82,9.01
6,Left-skewed,100,0.15,3.0,9,3795.0,3795.0,4155.0,3795.0,3720.0,3420.0,1530,3420.0,8.06,600.11,10.96,10.96,21.49,10.96
7,Left-skewed,100,0.15,3.0,9,3705.0,3705.0,4080.0,3705.0,3615.0,3330.0,1530,3330.0,7.88,600.12,11.26,11.26,22.52,11.26
8,Left-skewed,100,0.15,3.0,9,3885.0,3885.0,4155.0,3885.0,3885.0,3510.0,1530,3510.0,9.65,600.05,10.68,10.68,18.38,10.68
9,Left-skewed,100,0.15,3.0,9,3540.0,3540.0,3975.0,3540.0,3525.0,3240.0,1530,3240.0,8.09,600.07,9.26,9.26,22.69,9.26
10,Left-skewed,100,0.15,3.0,9,3720.0,3720.0,4080.0,3720.0,3705.0,3420.0,1530,3420.0,7.69,600.05,8.77,8.77,19.3,8.77
1,Left-skewed,100,0.25,3.0,9,3615.0,3615.0,3810.0,3615.0,3525.0,3150.0,1530,3150.0,10.64,600.08,14.76,14.76,20.95,14.76
2,Left-skewed,100,0.25,3.0,9,3720.0,3705.0,3900.0,3705.0,3705.0,3407.41,1530,3407.41,8.03,600.11,9.17,8.73,14.46,8.73
3,Left-skewed,100,0.25,3.0,9,3720.0,3720.0,3900.0,3720.0,3705.0,3510.0,1530,3510.0,5.26,600.09,5.98,5.98,11.11,5.98
4,Left-skewed,100,0.25,3.0,9,3705.0,3705.0,3990.0,3705.0,3630.0,3420.0,1530,3420.0,5.79,600.1,8.33,8.33,16.67,8.33
5,Left-skewed,100,0.25,3.0,9,3630.0,3630.0,3810.0,3630.0,3540.0,3240.0,1530,3240.0,8.47,600.1,12.04,12.04,17.59,12.04
6,Left-skewed,100,0.25,3.0,9,3795.0,3795.0,4065.0,3795.0,3630.0,3420.0,1530,3420.0,5.79,600.11,10.96,10.96,18.86,10.96
7,Left-skewed,100,0.25,3.0,9,3705.0,3630.0,3900.0,3630.0,3615.0,3240.0,1530,3240.0,10.37,600.07,14.35,12.04,20.37,12.04
8,Left-skewed,100,0.25,3.0,9,3885.0,3810.0,4080.0,3810.0,3810.0,3420.0,1530,3420.0,10.24,600.08,13.6,11.4,19.3,11.4
9,Left-skewed,100,0.25,3.0,9,3540.0,3540.0,3720.0,3540.0,3435.0,3060.0,1530,3060.0,10.92,600.08,15.69,15.69,21.57,15.69
10,Left-skewed,100,0.25,3.0,9,3720.0,3720.0,3975.0,3720.0,3615.0,3510.0,1530,3510.0,2.9,600.06,5.98,5.98,13.25,5.98
1,Left-skewed,100,0.35,3.0,2,3615.0,2625.0,2625.0,2625.0,2625.0,2623.7,1530,2623.7,0.05,33.9,37.78,0.05,0.05,0.05
2,Left-skewed,100,0.35,3.0,2,3720.0,2805.0,2805.0,2805.0,2805.0,2797.5,1530,2797.5,0.27,206.34,32.98,0.27,0.27,0.27
3,Left-skewed,100,0.35,3.0,2,3720.0,3075.0,3075.0,3075.0,3075.0,3060.0,1530,3060.0,0.49,131.03,21.57,0.49,0.49,0.49
4,Left-skewed,100,0.35,3.0,9,3705.0,2820.0,2820.0,2820.0,2820.0,2790.62,1530,2790.62,1.04,600.07,32.77,1.05,1.05,1.05
5,Left-skewed,100,0.35,3.0,2,3630.0,2985.0,2985.0,2985.0,2985.0,2985.0,1530,2985.0,0.0,281.78,21.61,0.0,0.0,0.0
6,Left-skewed,100,0.35,3.0,2,3795.0,2985.0,2985.0,2985.0,2985.0,2985.0,1530,2985.0,0.0,77.84,27.14,0.0,0.0,0.0
7,Left-skewed,100,0.35,3.0,2,3705.0,2985.0,2985.0,2985.0,2985.0,2984.75,1530,2984.75,0.01,40.48,24.13,0.01,0.01,0.01
8,Left-skewed,100,0.35,3.0,9,3885.0,3180.0,3180.0,3180.0,3180.0,3150.0,1530,3150.0,0.94,600.06,23.33,0.95,0.95,0.95
9,Left-skewed,100,0.35,3.0,9,3540.0,2895.0,2895.0,2895.0,2895.0,2880.0,1530,2880.0,0.52,600.09,22.92,0.52,0.52,0.52
10,Left-skewed,100,0.35,3.0,2,3720.0,2895.0,2895.0,2895.0,2895.0,2894.87,1530,2894.87,0.0,36.98,28.5,0.0,0.0,0.0
1,Right-skewed,100,0.15,1.5,9,1545.0,1530.0,1530.0,1530.0,1545.0,720.0,1530,1530,53.4,600.02,0.98,0.0,0.0,0.0
2,Right-skewed,100,0.15,1.5,9,1545.0,1530.0,1530.0,1530.0,1530.0,680.29,1530,1530,55.54,600.04,0.98,0.0,0.0,0.0
3,Right-skewed,100,0.15,1.5,9,1545.0,1530.0,1530.0,1530.0,1530.0,632.75,1530,1530,58.64,600.06,0.98,0.0,0.0,0.0
4,Right-skewed,100,0.15,1.5,9,1545.0,1530.0,1530.0,1530.0,1560.0,678.0,1530,1530,56.54,600.08,0.98,0.0,0.0,0.0
5,Right-skewed,100,0.15,1.5,9,1545.0,1530.0,1530.0,1530.0,1530.0,699.96,1530,1530,54.25,600.05,0.98,0.0,0.0,0.0
6,Right-skewed,100,0.15,1.5,9,1545.0,1530.0,1530.0,1530.0,1530.0,679.51,1530,1530,55.59,600.05,0.98,0.0,0.0,0.0
7,Right-skewed,100,0.15,1.5,9,1545.0,1530.0,1530.0,1530.0,1605.0,636.62,1530,1530,60.33,600.04,0.98,0.0,0.0,0.0
8,Right-skewed,100,0.15,1.5,9,1545.0,1530.0,1530.0,1530.0,1530.0,737.07,1530,1530,51.83,600.04,0.98,0.0,0.0,0.0
9,Right-skewed,100,0.15,1.5,9,1545.0,1530.0,1530.0,1530.0,1665.0,589.46,1530,1530,64.6,600.04,0.98,0.0,0.0,0.0
10,Right-skewed,100,0.15,1.5,9,1545.0,1530.0,1530.0,1530.0,1530.0,593.45,1530,1530,61.21,600.04,0.98,0.0,0.0,0.0
1,Right-skewed,100,0.25,1.5,9,1545.0,2475,1530.0,1530.0,1545.0,316.56,1530,1530,79.51,600.03,0.98,61.76,0.0,0.0
2,Right-skewed,100,0.25,1.5,9,1545.0,2565,1530.0,1530.0,1650.0,292.8,1530,1530,82.25,600.05,0.98,67.65,0.0,0.0
3,Right-skewed,100,0.25,1.5,9,1545.0,2475,1530.0,1530.0,1530.0,307.68,1530,1530,79.89,600.04,0.98,61.76,0.0,0.0
4,Right-skewed,100,0.25,1.5,9,1545.0,2505,1530.0,1530.0,1575.0,308.54,1530,1530,80.41,600.04,0.98,63.73,0.0,0.0
5,Right-skewed,100,0.25,1.5,9,1545.0,2625,1530.0,1530.0,1920.0,237.76,1530,1530,87.62,600.03,0.98,71.57,0.0,0.0
6,Right-skewed,100,0.25,1.5,9,1545.0,2595,1530.0,1530.0,1755.0,260.18,1530,1530,85.18,600.09,0.98,69.61,0.0,0.0
7,Right-skewed,100,0.25,1.5,9,1545.0,2625,1530.0,1530.0,1545.0,253.34,1530,1530,83.6,600.05,0.98,71.57,0.0,0.0
8,Right-skewed,100,0.25,1.5,9,1545.0,2385,1530.0,1530.0,2055.0,341.08,1530,1530,83.4,600.06,0.98,55.88,0.0,0.0
9,Right-skewed,100,0.25,1.5,9,1545.0,2535,1530.0,1530.0,1545.0,283.42,1530,1530,81.66,600.03,0.98,65.69,0.0,0.0
10,Right-skewed,100,0.25,1.5,9,1545.0,2415,1530.0,1530.0,1665.0,320.4,1530,1530,80.76,600.02,0.98,57.84,0.0,0.0
1,Right-skewed,100,0.35,1.5,9,1545.0,2925,1530.0,1530.0,1530.0,185.94,1530,1530,87.85,600.03,0.98,91.18,0.0,0.0
2,Right-skewed,100,0.35,1.5,9,1545.0,3015,1530.0,1530.0,1905.0,126.06,1530,1530,93.38,600.03,0.98,97.06,0.0,0.0
3,Right-skewed,100,0.35,1.5,9,1545.0,2895,1530.0,1530.0,1710.0,185.23,1530,1530,89.17,600.05,0.98,89.22,0.0,0.0
4,Right-skewed,100,0.35,1.5,9,1545.0,2925,1530.0,1530.0,1770.0,171.65,1530,1530,90.3,600.04,0.98,91.18,0.0,0.0
5,Right-skewed,100,0.35,1.5,9,1545.0,2955,1530.0,1530.0,1980.0,135.68,1530,1530,93.15,600.03,0.98,93.14,0.0,0.0
6,Right-skewed,100,0.35,1.5,9,1545.0,2985,1530.0,1530.0,1875.0,145.32,1530,1530,92.25,600.11,0.98,95.1,0.0,0.0
7,Right-skewed,100,0.35,1.5,9,1545.0,2955,1530.0,1530.0,1680.0,147.78,1530,1530,91.2,600.04,0.98,93.14,0.0,0.0
8,Right-skewed,100,0.35,1.5,9,1545.0,3015,1530.0,1530.0,1545.0,155.13,1530,1530,89.96,600.04,0.98,97.06,0.0,0.0
9,Right-skewed,100,0.35,1.5,9,1545.0,3015,1530.0,1530.0,1905.0,134.3,1530,1530,92.95,600.04,0.98,97.06,0.0,0.0
10,Right-skewed,100,0.35,1.5,9,1545.0,2985,1530.0,1530.0,1920.0,131.21,1530,1530,93.17,600.03,0.98,95.1,0.0,0.0
1,Right-skewed,100,0.15,2.0,9,1560.0,1545,1545.0,1545.0,1545.0,960.0,1530,1530,37.86,600.04,1.96,0.98,0.98,0.98
2,Right-skewed,100,0.15,2.0,9,1560.0,1545,1545.0,1545.0,1575.0,900.0,1530,1530,42.86,600.03,1.96,0.98,0.98,0.98
3,Right-skewed,100,0.15,2.0,9,1560.0,1545,1545.0,1545.0,1635.0,843.38,1530,1530,48.42,600.04,1.96,0.98,0.98,0.98
4,Right-skewed,100,0.15,2.0,9,1560.0,1545,1545.0,1545.0,1545.0,900.0,1530,1530,41.75,600.04,1.96,0.98,0.98,0.98
5,Right-skewed,100,0.15,2.0,9,1560.0,1545,1545.0,1545.0,1620.0,900.0,1530,1530,44.44,600.05,1.96,0.98,0.98,0.98
6,Right-skewed,100,0.15,2.0,9,1560.0,1545,1545.0,1545.0,1935.0,903.25,1530,1530,53.32,600.04,1.96,0.98,0.98,0.98
7,Right-skewed,100,0.15,2.0,9,1560.0,1545,1545.0,1545.0,1920.0,840.0,1530,1530,56.25,600.03,1.96,0.98,0.98,0.98
8,Right-skewed,100,0.15,2.0,9,1560.0,1545,1545.0,1545.0,1545.0,967.48,1530,1530,37.38,600.04,1.96,0.98,0.98,0.98
9,Right-skewed,100,0.15,2.0,9,1560.0,1545,1545.0,1545.0,1680.0,780.0,1530,1530,53.57,600.05,1.96,0.98,0.98,0.98
10,Right-skewed,100,0.15,2.0,9,1560.0,1545,1545.0,1545.0,1560.0,787.52,1530,1530,49.52,600.07,1.96,0.98,0.98,0.98
1,Right-skewed,100,0.25,2.0,9,1560.0,2475,1545.0,1545.0,1905.0,404.84,1530,1530,78.75,600.04,1.96,61.76,0.98,0.98
2,Right-skewed,100,0.25,2.0,9,1560.0,2565,1545.0,1545.0,1710.0,351.61,1530,1530,79.44,600.04,1.96,67.65,0.98,0.98
3,Right-skewed,100,0.25,2.0,9,1560.0,2475,1545.0,1545.0,1545.0,402.16,1530,1530,73.97,600.04,1.96,61.76,0.98,0.98
4,Right-skewed,100,0.25,2.0,9,1560.0,2505,1545.0,1545.0,1665.0,399.18,1530,1530,76.03,600.03,1.96,63.73,0.98,0.98
5,Right-skewed,100,0.25,2.0,9,1560.0,2625,1545.0,1545.0,1590.0,335.84,1530,1530,78.88,600.03,1.96,71.57,0.98,0.98
6,Right-skewed,100,0.25,2.0,9,1560.0,2595,1545.0,1545.0,1950.0,342.8,1530,1530,82.42,600.04,1.96,69.61,0.98,0.98
7,Right-skewed,100,0.25,2.0,9,1560.0,2625,1545.0,1545.0,1545.0,334.11,1530,1530,78.37,600.04,1.96,71.57,0.98,0.98
8,Right-skewed,100,0.25,2.0,9,1560.0,2385,1545.0,1545.0,1545.0,447.19,1530,1530,71.06,600.04,1.96,55.88,0.98,0.98
9,Right-skewed,100,0.25,2.0,9,1560.0,2535,1545.0,1545.0,1545.0,359.59,1530,1530,76.73,600.05,1.96,65.69,0.98,0.98
10,Right-skewed,100,0.25,2.0,9,1560.0,2415,1545.0,1545.0,1740.0,399.11,1530,1530,77.06,600.04,1.96,57.84,0.98,0.98
1,Right-skewed,100,0.35,2.0,9,1560.0,2925,1545.0,1545.0,1545.0,253.61,1530,1530,83.59,600.06,1.96,91.18,0.98,0.98
2,Right-skewed,100,0.35,2.0,9,1560.0,3015,1545.0,1545.0,1560.0,145.21,1530,1530,90.69,600.05,1.96,97.06,0.98,0.98
3,Right-skewed,100,0.35,2.0,9,1560.0,2895,1545.0,1545.0,1605.0,232.35,1530,1530,85.52,600.05,1.96,89.22,0.98,0.98
4,Right-skewed,100,0.35,2.0,9,1560.0,2925,1545.0,1545.0,1755.0,242.66,1530,1530,86.17,600.03,1.96,91.18,0.98,0.98
5,Right-skewed,100,0.35,2.0,9,1560.0,2955,1545.0,1545.0,1845.0,181.43,1530,1530,90.17,600.04,1.96,93.14,0.98,0.98
6,Right-skewed,100,0.35,2.0,9,1560.0,2985,1545.0,1545.0,2025.0,176.87,1530,1530,91.27,600.04,1.96,95.1,0.98,0.98
7,Right-skewed,100,0.35,2.0,9,1560.0,2955,1545.0,1545.0,1695.0,191.95,1530,1530,88.68,600.04,1.96,93.14,0.98,0.98
8,Right-skewed,100,0.35,2.0,9,1560.0,3015,1545.0,1545.0,1635.0,174.64,1530,1530,89.32,600.04,1.96,97.06,0.98,0.98
9,Right-skewed,100,0.35,2.0,9,1560.0,3015,1545.0,1545.0,1545.0,128.96,1530,1530,91.65,600.04,1.96,97.06,0.98,0.98
10,Right-skewed,100,0.35,2.0,9,1560.0,2985,1545.0,1545.0,1590.0,192.05,1530,1530,87.92,600.03,1.96,95.1,0.98,0.98
1,Right-skewed,100,0.15,3.0,9,1845.0,1560,1635.0,1560.0,1560.0,1440.0,1530,1530,7.69,600.03,20.59,1.96,6.86,1.96
2,Right-skewed,100,0.15,3.0,9,1755.0,1560,1560.0,1560.0,1605.0,1350.54,1530,1530,15.85,600.04,14.71,1.96,1.96,1.96
3,Right-skewed,100,0.15,3.0,9,1755.0,1560,1560.0,1560.0,1560.0,1261.69,1530,1530,19.12,600.04,14.71,1.96,1.96,1.96
4,Right-skewed,100,0.15,3.0,9,1755.0,1560,1560.0,1560.0,1575.0,1350.0,1530,1530,14.29,600.03,14.71,1.96,1.96,1.96
5,Right-skewed,100,0.15,3.0,9,1755.0,1560,1560.0,1560,1560.0,1351.06,1530,1530,13.39,600.04,14.71,1.96,1.96,1.96
6,Right-skewed,100,0.15,3.0,9,1830.0,1560,1560.0,1560.0,1590.0,1353.24,1530,1530,14.89,600.2,19.61,1.96,1.96,1.96
7,Right-skewed,100,0.15,3.0,9,1725.0,1560,1560.0,1560,1560.0,1260.0,1530,1530,19.23,600.04,12.75,1.96,1.96,1.96
8,Right-skewed,100,0.15,3.0,9,1755.0,1560,1650.0,1560.0,1560.0,1440.0,1530,1530,7.69,600.05,14.71,1.96,7.84,1.96
9,Right-skewed,100,0.15,3.0,9,1665.0,1560,1560.0,1560,1590.0,1172.63,1530,1530,26.25,600.03,8.82,1.96,1.96,1.96
10,Right-skewed,100,0.15,3.0,9,1665.0,1560,1560.0,1560.0,1560.0,1173.26,1530,1530,24.79,600.03,8.82,1.96,1.96,1.96
1,Right-skewed,100,0.25,3.0,9,1845.0,2475,1560.0,1560,1560.0,572.51,1530,1530,63.3,600.06,20.59,61.76,1.96,1.96
2,Right-skewed,100,0.25,3.0,9,1755.0,2565,1560.0,1560,2175.0,483.63,1530,1530,77.76,600.05,14.71,67.65,1.96,1.96
3,Right-skewed,100,0.25,3.0,9,1755.0,2475,1560.0,1560,1815.0,567.22,1530,1530,68.75,600.05,14.71,61.76,1.96,1.96
4,Right-skewed,100,0.25,3.0,9,1755.0,2505,1560.0,1560,1560.0,583.52,1530,1530,62.6,600.04,14.71,63.73,1.96,1.96
5,Right-skewed,100,0.25,3.0,9,1755.0,2625,1560.0,1560,1560.0,470.54,1530,1530,69.84,600.03,14.71,71.57,1.96,1.96
6,Right-skewed,100,0.25,3.0,9,1830.0,2595,1560.0,1560,1620.0,501.08,1530,1530,69.07,600.06,19.61,69.61,1.96,1.96
7,Right-skewed,100,0.25,3.0,9,1725.0,2625,1560.0,1560.0,1560.0,483.64,1530,1530,69.0,600.04,12.75,71.57,1.96,1.96
8,Right-skewed,100,0.25,3.0,9,1755.0,2385,1560.0,1560,1560.0,630.0,1530,1530,59.62,600.04,14.71,55.88,1.96,1.96
9,Right-skewed,100,0.25,3.0,9,1665.0,2535,1560,1560,1575.0,517.52,1530,1530,67.14,600.04,8.82,65.69,1.96,1.96
10,Right-skewed,100,0.25,3.0,9,1665.0,2415,1560.0,1560,1560.0,583.84,1530,1530,62.57,600.03,8.82,57.84,1.96,1.96
1,Right-skewed,100,0.35,3.0,9,1845.0,2925,1560.0,1560,1650.0,388.66,1530,1530,76.44,600.05,20.59,91.18,1.96,1.96
2,Right-skewed,100,0.35,3.0,9,1755.0,3015,1560.0,1560,1605.0,119.34,1530,1530,92.56,600.03,14.71,97.06,1.96,1.96
3,Right-skewed,100,0.35,3.0,9,1755.0,2895,1560.0,1560,2265.0,277.13,1530,1530,87.76,600.03,14.71,89.22,1.96,1.96
4,Right-skewed,100,0.35,3.0,9,1755.0,2925,1560.0,1560.0,1650.0,299.41,1530,1530,81.85,600.02,14.71,91.18,1.96,1.96
5,Right-skewed,100,0.35,3.0,9,1755.0,2955,1560.0,1560,1680.0,298.6,1530,1530,82.23,600.03,14.71,93.14,1.96,1.96
6,Right-skewed,100,0.35,3.0,9,1830.0,2985,1560,1560.0,1950.0,245.59,1530,1530,87.41,600.03,19.61,95.1,1.96,1.96
7,Right-skewed,100,0.35,3.0,9,1725.0,2955,1560.0,1560,1755.0,313.88,1530,1530,82.12,600.03,12.75,93.14,1.96,1.96
8,Right-skewed,100,0.35,3.0,9,1755.0,3015,1560,1560,1560.0,265.08,1530,1530,83.01,600.05,14.71,97.06,1.96,1.96
9,Right-skewed,100,0.35,3.0,9,1665.0,3015,1560,1560,1650.0,140.08,1530,1530,91.51,600.03,8.82,97.06,1.96,1.96
10,Right-skewed,100,0.35,3.0,9,1665.0,2985,1560,1560,1875.0,283.15,1530,1530,84.9,600.04,8.82,95.1,1.96,1.96
1,Uniform,100,0.15,1.5,9,1545.0,1530.0,1530.0,1530.0,1665.0,1170.0,1530,1530,29.73,600.05,0.98,0.0,0.0,0.0
2,Uniform,100,0.15,1.5,9,1545.0,1530.0,1530.0,1530.0,1905.0,1170.0,1530,1530,38.58,600.05,0.98,0.0,0.0,0.0
3,Uniform,100,0.15,1.5,9,1545.0,1530.0,1530.0,1530.0,2070.0,1125.0,1530,1530,45.65,600.04,0.98,0.0,0.0,0.0
4,Uniform,100,0.15,1.5,9,1545.0,1530.0,1530.0,1530.0,1620.0,1260.0,1530,1530,22.22,600.04,0.98,0.0,0.0,0.0
5,Uniform,100,0.15,1.5,9,1545.0,1530.0,1530.0,1530.0,2070.0,1170.0,1530,1530,43.48,600.1,0.98,0.0,0.0,0.0
6,Uniform,100,0.15,1.5,9,1545.0,1530.0,1530.0,1530.0,1605.0,1170.0,1530,1530,27.1,600.06,0.98,0.0,0.0,0.0
7,Uniform,100,0.15,1.5,9,1545.0,1530.0,1530.0,1530.0,1695.0,1125.0,1530,1530,33.63,600.05,0.98,0.0,0.0,0.0
8,Uniform,100,0.15,1.5,9,1545.0,1530.0,1560.0,1530.0,2100.0,1305.0,1530,1530,37.86,600.05,0.98,0.0,1.96,0.0
9,Uniform,100,0.15,1.5,9,1545.0,1530.0,1530.0,1530.0,1530.0,1125.61,1530,1530,26.43,600.05,0.98,0.0,0.0,0.0
10,Uniform,100,0.15,1.5,9,1545.0,1530.0,1530.0,1530.0,1620.0,1260.0,1530,1530,22.22,600.05,0.98,0.0,0.0,0.0
1,Uniform,100,0.25,1.5,9,1545.0,1530.0,1530.0,1530.0,1545.0,990.0,1530,1530,35.92,600.03,0.98,0.0,0.0,0.0
2,Uniform,100,0.25,1.5,9,1545.0,1530.0,1530.0,1530.0,1680.0,990.0,1530,1530,41.07,600.08,0.98,0.0,0.0,0.0
3,Uniform,100,0.25,1.5,9,1545.0,1530.0,1530.0,1530.0,1845.0,900.89,1530,1530,51.17,600.03,0.98,0.0,0.0,0.0
4,Uniform,100,0.25,1.5,9,1545.0,1530.0,1530.0,1530.0,1800.0,1080.15,1530,1530,39.99,600.05,0.98,0.0,0.0,0.0
5,Uniform,100,0.25,1.5,9,1545.0,1530.0,1530.0,1530.0,1545.0,990.0,1530,1530,35.92,600.06,0.98,0.0,0.0,0.0
6,Uniform,100,0.25,1.5,9,1545.0,1530.0,1530.0,1530.0,1605.0,945.34,1530,1530,41.1,600.04,0.98,0.0,0.0,0.0
7,Uniform,100,0.25,1.5,9,1545.0,1530.0,1530.0,1530.0,1605.0,900.0,1530,1530,43.93,600.05,0.98,0.0,0.0,0.0
8,Uniform,100,0.25,1.5,9,1545.0,1530.0,1530.0,1530.0,1530.0,1125.0,1530,1530,26.47,600.05,0.98,0.0,0.0,0.0
9,Uniform,100,0.25,1.5,9,1545.0,1530.0,1530.0,1530.0,1530.0,990.0,1530,1530,35.29,600.04,0.98,0.0,0.0,0.0
10,Uniform,100,0.25,1.5,9,1545.0,1530.0,1530.0,1530.0,1725.0,1113.78,1530,1530,35.43,600.05,0.98,0.0,0.0,0.0
1,Uniform,100,0.35,1.5,9,1545.0,1965,1530.0,1530.0,1620.0,810.0,1530,1530,50.0,600.05,0.98,28.43,0.0,0.0
2,Uniform,100,0.35,1.5,9,1545.0,2115,1530.0,1530.0,1740.0,675.0,1530,1530,61.21,600.05,0.98,38.24,0.0,0.0
3,Uniform,100,0.35,1.5,9,1545.0,2175,1530.0,1530.0,1545.0,630.0,1530,1530,59.22,600.05,0.98,42.16,0.0,0.0
4,Uniform,100,0.35,1.5,9,1545.0,1815,1530.0,1530.0,1590.0,900.0,1530,1530,43.4,600.03,0.98,18.63,0.0,0.0
5,Uniform,100,0.35,1.5,9,1545.0,1965,1530.0,1530.0,1530.0,810.0,1530,1530,47.06,600.04,0.98,28.43,0.0,0.0
6,Uniform,100,0.35,1.5,9,1545.0,2175,1530.0,1530.0,1635.0,630.0,1530,1530,61.47,600.04,0.98,42.16,0.0,0.0
7,Uniform,100,0.35,1.5,9,1545.0,2235,1530.0,1530.0,1800.0,555.92,1530,1530,69.12,600.03,0.98,46.08,0.0,0.0
8,Uniform,100,0.35,1.5,9,1545.0,1935,1530.0,1530.0,1530.0,810.0,1530,1530,47.06,600.05,0.98,26.47,0.0,0.0
9,Uniform,100,0.35,1.5,9,1545.0,1935,1530.0,1530.0,1560.0,810.0,1530,1530,48.08,600.06,0.98,26.47,0.0,0.0
10,Uniform,100,0.35,1.5,9,1545.0,1785,1530.0,1530.0,1530.0,945.0,1530,1530,38.24,600.05,0.98,16.67,0.0,0.0
1,Uniform,100,0.15,2.0,9,1710.0,1650.0,1830.0,1650.0,1680.0,1560.0,1530,1560.0,7.14,600.04,9.62,5.77,17.31,5.77
2,Uniform,100,0.15,2.0,9,1710.0,1650.0,1830.0,1650.0,1650.0,1560.0,1530,1560.0,5.45,600.04,9.62,5.77,17.31,5.77
3,Uniform,100,0.15,2.0,9,1710.0,1635.0,1770.0,1635.0,1590.0,1500.0,1530,1530,5.66,600.05,11.76,6.86,15.69,6.86
4,Uniform,100,0.15,2.0,9,1830.0,1770.0,1950.0,1770.0,1800.0,1680.14,1530,1680.14,6.66,600.04,8.92,5.35,16.06,5.35
5,Uniform,100,0.15,2.0,9,1710.0,1590.0,1830.0,1590.0,1590.0,1575.0,1530,1575.0,0.94,600.05,8.57,0.95,16.19,0.95
6,Uniform,100,0.15,2.0,9,1710.0,1650.0,1830.0,1650.0,1650.0,1560.0,1530,1560.0,5.45,600.06,9.62,5.77,17.31,5.77
7,Uniform,100,0.15,2.0,9,1650.0,1590.0,1755.0,1590.0,1575.0,1500.0,1530,1530,4.76,600.05,7.84,3.92,14.71,3.92
8,Uniform,100,0.15,2.0,9,1890.0,1815.0,2070.0,1815.0,1815.0,1740.0,1530,1740.0,4.13,600.04,8.62,4.31,18.97,4.31
9,Uniform,100,0.15,2.0,9,1710.0,1590.0,1815.0,1590.0,1590.0,1502.01,1530,1530,5.53,600.05,11.76,3.92,18.63,3.92
10,Uniform,100,0.15,2.0,9,1830.0,1770.0,1950.0,1770.0,1755.0,1680.14,1530,1680.14,4.27,600.04,8.92,5.35,16.06,5.35
1,Uniform,100,0.25,2.0,9,1710.0,1545,1545,1545,1635.0,1321.5,1530,1530,19.17,600.04,11.76,0.98,0.98,0.98
2,Uniform,100,0.25,2.0,9,1710.0,1545,1575.0,1545,1560.0,1320.0,1530,1530,15.38,600.03,11.76,0.98,2.94,0.98
3,Uniform,100,0.25,2.0,9,1710.0,1545,1545,1545,1545.0,1201.09,1530,1530,22.26,600.03,11.76,0.98,0.98,0.98
4,Uniform,100,0.25,2.0,9,1830.0,1590.0,1650.0,1590.0,1575.0,1440.0,1530,1530,8.57,600.05,19.61,3.92,7.84,3.92
5,Uniform,100,0.25,2.0,9,1710.0,1545,1590.0,1545,1575.0,1320.0,1530,1530,16.19,600.05,11.76,0.98,3.92,0.98
6,Uniform,100,0.25,2.0,9,1710.0,1545,1545,1545,1545.0,1260.0,1530,1530,18.45,600.06,11.76,0.98,0.98,0.98
7,Uniform,100,0.25,2.0,9,1650.0,1545,1545,1545,1650.0,1200.0,1530,1530,27.27,600.07,7.84,0.98,0.98,0.98
8,Uniform,100,0.25,2.0,9,1890.0,1650.0,1815.0,1650.0,1635.0,1500.72,1530,1530,8.21,600.04,23.53,7.84,18.63,7.84
9,Uniform,100,0.25,2.0,9,1710.0,1545,1545,1545,1545.0,1320.0,1530,1530,14.56,600.04,11.76,0.98,0.98,0.98
10,Uniform,100,0.25,2.0,9,1830.0,1650.0,1710.0,1650.0,1635.0,1440.0,1530,1530,11.93,600.08,19.61,7.84,11.76,7.84
1,Uniform,100,0.35,2.0,9,1710.0,1965,1545,1545,1545.0,1080.0,1530,1530,30.1,600.04,11.76,28.43,0.98,0.98
2,Uniform,100,0.35,2.0,9,1710.0,2115,1545,1545,1575.0,900.0,1530,1530,42.86,600.05,11.76,38.24,0.98,0.98
3,Uniform,100,0.35,2.0,9,1710.0,2175,1545,1545,1545.0,840.0,1530,1530,45.63,600.04,11.76,42.16,0.98,0.98
4,Uniform,100,0.35,2.0,9,1830.0,1815,1545,1545,1545.0,1200.0,1530,1530,22.33,600.04,19.61,18.63,0.98,0.98
5,Uniform,100,0.35,2.0,9,1710.0,1965,1545,1545,1545.0,1080.0,1530,1530,30.1,600.04,11.76,28.43,0.98,0.98
6,Uniform,100,0.35,2.0,9,1710.0,2175,1545,1545,1545.0,840.0,1530,1530,45.63,600.04,11.76,42.16,0.98,0.98
7,Uniform,100,0.35,2.0,9,1650.0,2235,1545,1545,1545.0,780.0,1530,1530,49.51,600.07,7.84,46.08,0.98,0.98
8,Uniform,100,0.35,2.0,9,1890.0,1935,1545,1545,1590.0,1080.0,1530,1530,32.08,600.05,23.53,26.47,0.98,0.98
9,Uniform,100,0.35,2.0,9,1710.0,1935,1545,1545,1545.0,1080.0,1530,1530,30.1,600.04,11.76,26.47,0.98,0.98
10,Uniform,100,0.35,2.0,9,1830.0,1785,1545,1545,1545.0,1260.0,1530,1530,18.45,600.04,19.61,16.67,0.98,0.98
1,Uniform,100,0.15,3.0,9,2550.0,2460.0,2730.0,2460.0,2460.0,2355.0,1530,2355.0,4.27,600.05,8.28,4.46,15.92,4.46
2,Uniform,100,0.15,3.0,9,2550.0,2460.0,2730.0,2460.0,2460.0,2341.06,1530,2341.06,4.83,600.13,8.93,5.08,16.61,5.08
3,Uniform,100,0.15,3.0,9,2550.0,2445.0,2640.0,2445.0,2370.0,2251.66,1530,2251.66,4.99,600.04,13.25,8.59,17.25,8.59
4,Uniform,100,0.15,3.0,9,2730.0,2640.0,2910.0,2640.0,2625.0,2521.0,1530,2521.0,3.96,600.07,8.29,4.72,15.43,4.72
5,Uniform,100,0.15,3.0,9,2550.0,2370.0,2730.0,2370.0,2370.0,2355.0,1530,2355.0,0.63,600.04,8.28,0.64,15.92,0.64
6,Uniform,100,0.15,3.0,9,2550.0,2460.0,2730.0,2460.0,2445.0,2340.0,1530,2340.0,4.29,600.06,8.97,5.13,16.67,5.13
7,Uniform,100,0.15,3.0,9,2460.0,2370.0,2625.0,2370.0,2370.0,2250.69,1530,2250.69,5.03,600.09,9.3,5.3,16.63,5.3
8,Uniform,100,0.15,3.0,9,2820.0,2715.0,3090.0,2715.0,2640.0,2610.0,1530,2610.0,1.14,600.07,8.05,4.02,18.39,4.02
9,Uniform,100,0.15,3.0,9,2550.0,2370.0,2715.0,2370.0,2370.0,2251.76,1530,2251.76,4.99,600.09,13.24,5.25,20.57,5.25
10,Uniform,100,0.15,3.0,9,2730.0,2640.0,2910.0,2640.0,2640.0,2520.0,1530,2520.0,4.55,600.05,8.33,4.76,15.48,4.76
1,Uniform,100,0.25,3.0,9,2550.0,2175.0,2280.0,2175.0,2175.0,1980.89,1530,1980.89,8.92,600.02,28.73,9.8,15.1,9.8
2,Uniform,100,0.25,3.0,9,2550.0,2190.0,2355.0,2190.0,2085.0,1982.43,1530,1982.43,4.92,600.05,28.63,10.47,18.79,10.47
3,Uniform,100,0.25,3.0,9,2550.0,2010.0,2190.0,2010.0,1995.0,1802.33,1530,1802.33,9.66,600.04,41.48,11.52,21.51,11.52
4,Uniform,100,0.25,3.0,9,2730.0,2370.0,2460.0,2370.0,2280.0,2160.74,1530,2160.74,5.23,600.04,26.35,9.68,13.85,9.68
5,Uniform,100,0.25,3.0,9,2550.0,2190.0,2370.0,2190.0,2100.0,1980.75,1530,1980.75,5.68,600.03,28.74,10.56,19.65,10.56
6,Uniform,100,0.25,3.0,9,2550.0,2085.0,2265.0,2085.0,2085.0,1891.07,1530,1891.07,9.3,600.03,34.84,10.26,19.77,10.26
7,Uniform,100,0.25,3.0,9,2460.0,2010.0,2100.0,2010.0,1995.0,1801.59,1530,1801.59,9.69,600.07,36.55,11.57,16.56,11.57
8,Uniform,100,0.25,3.0,9,2820.0,2460.0,2715.0,2460.0,2355.0,2250.66,1530,2250.66,4.43,600.06,25.3,9.3,20.63,9.3
9,Uniform,100,0.25,3.0,9,2550.0,2100.0,2280.0,2100.0,2100.0,1980.09,1530,1980.09,5.71,600.05,28.78,6.06,15.15,6.06
10,Uniform,100,0.25,3.0,9,2730.0,2460.0,2550.0,2460.0,2370.0,2340.0,1530,2340.0,1.27,600.04,16.67,5.13,8.97,5.13
1,Uniform,100,0.35,3.0,2,2550.0,1965,1680,1635.0,1635.0,1635.0,1530,1635.0,0.0,361.37,55.96,20.18,2.75,0.0
2,Uniform,100,0.35,3.0,9,2550.0,2115,1560.0,1560.0,1560.0,1365.0,1530,1530,12.5,600.04,66.67,38.24,1.96,1.96
3,Uniform,100,0.35,3.0,9,2550.0,2175,1560.0,1560.0,1680.0,1260.0,1530,1530,25.0,600.05,66.67,42.16,1.96,1.96
4,Uniform,100,0.35,3.0,9,2730.0,1845,1830.0,1830.0,1830.0,1815.0,1530,1815.0,0.82,600.04,50.41,1.65,0.83,0.83
5,Uniform,100,0.35,3.0,9,2550.0,1965,1695,1635.0,1650.0,1621.32,1530,1621.32,1.74,600.04,57.28,21.2,4.54,0.84
6,Uniform,100,0.35,3.0,9,2550.0,2175,1560.0,1560.0,1710.0,1260.0,1530,1530,26.32,600.04,66.67,42.16,1.96,1.96
7,Uniform,100,0.35,3.0,9,2460.0,2235,1560.0,1560.0,1695.0,1170.62,1530,1530,30.94,600.02,60.78,46.08,1.96,1.96
8,Uniform,100,0.35,3.0,9,2820.0,1935,1740.0,1650.0,1650.0,1635.0,1530,1635.0,0.91,600.03,72.48,18.35,6.42,0.92
9,Uniform,100,0.35,3.0,9,2550.0,1935,1740.0,1650.0,1650.0,1623.15,1530,1623.15,1.63,600.04,57.1,19.21,7.2,1.65
10,Uniform,100,0.35,3.0,2,2730.0,1905.0,1905.0,1905.0,1905.0,1905.0,1530,1905.0,0.0,50.23,43.31,0.0,0.0,0.0
